Contract,ChildDuration,MovieDuration,RelaxDuration,SportDuration,TVDuration,TotalDuration,MostWatch,Taste,Type,Activeness,Clinginess
113.182.209.48,0,0,89,0,63,152,Relax,Relax-TV,Low,1,Low
AGAAA0338,0,0,0,0,26104,26104,TV,TV,Medium,3,Low
AGAAA0342,0,0,0,0,8849,8849,TV,TV,Medium,2,Low
AGAAA0391,0,0,0,0,29102,29102,TV,TV,Medium,1,Low
AGAAA0613,0,0,0,0,178,178,TV,TV,Low,3,Low
AGAAA0638,0,0,0,0,4233,4233,TV,TV,Low,3,Low
AGAAA0663,0,0,0,0,486,486,TV,TV,Low,3,Low
AGAAA0693,3775,0,0,0,20742,24517,,Child-TV,Medium,3,Low
AGAAA0718,0,0,0,0,91285,91285,TV,TV,High,3,Medium
AGAAA0723,0,0,0,0,47,47,TV,TV,Low,2,Low
AGAAA0732,0,0,0,0,4038,4038,TV,TV,Low,3,Low
AGAAA0750,0,0,0,0,8407,8407,TV,TV,Medium,3,Low
AGAAA0848,0,0,0,0,60,60,TV,TV,Low,2,Low
AGAAA0849,0,0,0,0,7517,7517,TV,TV,Medium,3,Low
AGAAA0885,0,0,0,0,13620,13620,TV,TV,Medium,2,Low
AGAAA0894,0,0,0,0,185,185,TV,TV,Low,3,Low
AGAAA0901,0,0,0,0,90901,90901,TV,TV,High,3,Medium
AGAAA1004,0,0,0,0,13285,13285,TV,TV,Medium,1,Low
AGAAA1047,0,0,0,0,10785,10785,TV,TV,Medium,3,Low
AGAAA1147,0,0,103,0,13127,13230,,Relax-TV,Medium,2,Low
AGAAA1223,0,0,0,0,39913,39913,TV,TV,Medium,1,Low
AGAAA1288,0,0,0,0,11863,11863,TV,TV,Medium,1,Low
AGAAA1306,0,0,0,0,2822,2822,TV,TV,Low,3,Low
AGAAA1316,0,0,0,0,33808,33808,TV,TV,Medium,3,Low
AGAAA1345,0,0,0,0,22524,22524,TV,TV,Medium,3,Low
AGAAA1367,0,0,0,0,168414,168414,TV,TV,High,2,Medium
AGAAA1376,0,0,0,0,86400,86400,TV,TV,High,1,Medium
AGAAA1389,0,0,0,0,104807,104807,TV,TV,High,3,Medium
AGAAA1415,0,0,0,0,20407,20407,TV,TV,Medium,3,Low
AGAAA1430,0,0,0,0,62875,62875,TV,TV,Medium,2,Low
AGAAA1464,0,0,0,0,71427,71427,TV,TV,High,3,Medium
AGAAA1511,0,8847,0,0,17967,26814,,Movie-TV,Medium,3,Low
AGAAA1537,0,0,0,0,1788,1788,TV,TV,Low,3,Low
AGAAA1561,0,0,0,0,123862,123862,TV,TV,High,3,Medium
AGAAA1638,0,0,0,0,95781,95781,TV,TV,High,3,Medium
AGAAA1647,0,0,0,0,58932,58932,TV,TV,Medium,3,Low
AGAAA1658,0,0,0,0,30833,30833,TV,TV,Medium,3,Low
AGAAA1676,0,0,0,0,143615,143615,TV,TV,High,3,Medium
AGAAA1708,0,0,0,0,1114,1114,TV,TV,Low,3,Low
AGAAA1710,0,0,0,0,63656,63656,TV,TV,High,3,Medium
AGAAA1817,0,0,0,0,844,844,TV,TV,Low,1,Low
AGAAA1894,0,0,0,0,60,60,TV,TV,Low,2,Low
AGAAA1906,0,0,0,0,24,24,TV,TV,Low,1,Low
AGAAA1922,0,0,0,0,21100,21100,TV,TV,Medium,3,Low
AGAAA1970,0,0,0,0,86503,86503,TV,TV,High,3,Medium
AGAAA2074,0,0,0,0,22607,22607,TV,TV,Medium,2,Low
AGAAA2120,0,0,0,0,21073,21073,TV,TV,Medium,3,Low
AGAAA2154,0,0,0,0,23627,23627,TV,TV,Medium,3,Low
AGAAA2194,0,0,0,0,642,642,TV,TV,Low,3,Low
AGAAA2240,0,0,143,0,351,494,,Relax-TV,Low,2,Low
AGAAA2261,0,0,0,0,254963,254963,TV,TV,High,3,Medium
AGAAA2264,0,0,0,0,40662,40662,TV,TV,Medium,3,Low
AGAAA2301,0,0,0,0,10162,10162,TV,TV,Medium,3,Low
AGAAA2315,0,0,0,0,32181,32181,TV,TV,Medium,3,Low
AGAAA2394,0,0,0,0,34,34,TV,TV,Low,2,Low
AGAAA2428,0,0,0,0,1370,1370,TV,TV,Low,3,Low
AGAAA2474,0,0,0,0,3767,3767,TV,TV,Low,3,Low
AGAAA2498,0,0,0,0,67280,67280,TV,TV,High,3,Medium
AGAAA2551,0,0,0,0,28038,28038,TV,TV,Medium,3,Low
AGAAA2558,0,0,0,0,5457,5457,TV,TV,Low,3,Low
AGAAA2588,0,0,0,0,121994,121994,TV,TV,High,3,Medium
AGAAA2678,0,1210,0,0,9590,10800,,Movie-TV,Medium,3,Low
AGAAA2703,0,0,0,0,20027,20027,TV,TV,Medium,3,Low
AGAAA2734,0,0,0,0,19597,19597,TV,TV,Medium,2,Low
AGAAA2749,0,0,0,0,136,136,TV,TV,Low,2,Low
AGAAA2768,0,0,0,0,41832,41832,TV,TV,Medium,3,Low
AGAAA2807,0,1490,0,0,5839,7329,,Movie-TV,Medium,1,Low
AGAAA2831,0,0,0,0,2191,2191,TV,TV,Low,1,Low
AGAAA2935,0,0,0,0,22629,22629,TV,TV,Medium,3,Low
AGAAA3008,0,13,0,0,251,264,,Movie-TV,Low,1,Low
AGD000622,0,52662,0,0,6375,59037,Movie,Movie-TV,Medium,3,Low
AGD000764,0,0,0,0,242103,242103,TV,TV,High,3,Medium
AGD000825,0,0,0,0,8256,8256,TV,TV,Medium,3,Low
AGD001450,0,0,0,0,23484,23484,TV,TV,Medium,3,Low
AGD001683,0,0,0,0,438,438,TV,TV,Low,1,Low
AGD001899,0,0,0,0,74217,74217,TV,TV,High,1,Medium
AGD001944,0,0,0,0,59360,59360,TV,TV,Medium,2,Low
AGD002276,0,0,0,0,239624,239624,TV,TV,High,3,Medium
AGD002386,0,0,0,0,51675,51675,TV,TV,Medium,3,Low
AGD002595,0,0,0,0,3875,3875,TV,TV,Low,3,Low
AGD002606,0,0,0,0,1054,1054,TV,TV,Low,3,Low
AGD003450,0,0,0,0,74331,74331,TV,TV,High,3,Medium
AGD003578,0,0,0,0,72696,72696,TV,TV,High,3,Medium
AGD003807,0,15788,0,0,587,16375,Movie,Movie-TV,Medium,3,Low
AGD003946,0,0,0,0,10909,10909,TV,TV,Medium,3,Low
AGD004008,0,0,0,0,115,115,TV,TV,Low,2,Low
AGD004253,0,0,0,0,86400,86400,TV,TV,High,1,Medium
AGD004353,0,0,0,0,252,252,TV,TV,Low,3,Low
AGD004478,0,0,0,0,601,601,TV,TV,Low,3,Low
AGD004722,0,0,0,0,4151,4151,TV,TV,Low,1,Low
AGD005092,0,0,0,0,224550,224550,TV,TV,High,3,Medium
AGD005978,0,0,0,0,17333,17333,TV,TV,Medium,2,Low
AGD006017,0,0,0,0,169963,169963,TV,TV,High,3,Medium
AGD006329,0,0,0,0,12552,12552,TV,TV,Medium,3,Low
AGD007033,0,2801,0,0,2450,5251,Movie,Movie-TV,Low,2,Low
AGD007294,0,0,0,0,216061,216061,TV,TV,High,3,Medium
AGD007633,0,0,0,0,14551,14551,TV,TV,Medium,1,Low
AGD007748,0,0,0,0,20375,20375,TV,TV,Medium,3,Low
AGD007795,0,0,0,0,7842,7842,TV,TV,Medium,3,Low
AGD007876,0,0,0,0,121,121,TV,TV,Low,3,Low
AGD008076,0,0,0,0,15435,15435,TV,TV,Medium,3,Low
AGD008179,0,37714,28,0,14072,51814,Movie,Movie-Relax-TV,Medium,3,Low
AGD008265,0,0,0,0,31048,31048,TV,TV,Medium,3,Low
AGD008357,0,0,0,0,54,54,TV,TV,Low,1,Low
AGD008540,56,0,0,0,140943,140999,,Child-TV,High,3,Medium
AGD008544,0,0,0,0,71764,71764,TV,TV,High,3,Medium
AGD008679,24665,0,0,0,18387,43052,Child,Child-TV,Medium,3,Low
AGD008710,0,213194,0,0,252470,465664,,Movie-TV,High,3,Medium
AGD008828,0,0,0,0,728,728,TV,TV,Low,3,Low
AGD008901,0,0,0,0,2749,2749,TV,TV,Low,1,Low
AGD009199,0,0,0,0,8798,8798,TV,TV,Medium,2,Low
AGD009414,0,8059,0,0,58046,66105,,Movie-TV,High,3,Medium
AGD009465,0,0,0,0,29734,29734,TV,TV,Medium,2,Low
AGD009527,0,0,0,0,250879,250879,TV,TV,High,3,Medium
AGD009661,0,0,0,0,1478,1478,TV,TV,Low,1,Low
AGD009904,0,0,0,0,12779,12779,TV,TV,Medium,3,Low
AGD010344,0,3623,0,0,75728,79351,,Movie-TV,High,2,Medium
AGD010655,0,1154,0,0,176375,177529,,Movie-TV,High,3,Medium
AGD011212,0,0,0,0,12984,12984,TV,TV,Medium,3,Low
AGD011274,0,0,0,0,50084,50084,TV,TV,Medium,2,Low
AGD011528,0,0,0,0,89839,89839,TV,TV,High,3,Medium
AGD011630,0,2376,0,0,72,2448,Movie,Movie-TV,Low,1,Low
AGD011670,0,0,0,0,251114,251114,TV,TV,High,3,Medium
AGD011727,0,0,0,0,43655,43655,TV,TV,Medium,2,Low
AGD011771,0,0,0,0,29884,29884,TV,TV,Medium,3,Low
AGD012099,0,0,0,0,59474,59474,TV,TV,Medium,3,Low
AGD012718,0,1690,0,0,13248,14938,,Movie-TV,Medium,2,Low
AGD012858,0,0,0,0,14651,14651,TV,TV,Medium,2,Low
AGD012980,0,0,0,0,28402,28402,TV,TV,Medium,3,Low
AGD013054,0,0,0,0,63445,63445,TV,TV,High,3,Medium
AGD013596,0,0,0,0,42956,42956,TV,TV,Medium,3,Low
AGD013996,0,0,0,0,59659,59659,TV,TV,Medium,3,Low
AGD014110,0,0,0,0,124373,124373,TV,TV,High,3,Medium
AGD014485,0,0,0,0,90787,90787,TV,TV,High,3,Medium
AGD014618,0,0,0,0,67,67,TV,TV,Low,2,Low
AGD014645,0,27,0,0,0,27,Movie,Movie,Low,1,Low
AGD014671,0,0,0,0,95,95,TV,TV,Low,3,Low
AGD014848,0,0,0,0,803,803,TV,TV,Low,3,Low
AGD015542,0,0,0,0,3731,3731,TV,TV,Low,3,Low
AGD016255,0,0,0,0,43894,43894,TV,TV,Medium,3,Low
AGD016368,0,4799,1662,0,18687,25148,,Movie-Relax-TV,Medium,3,Low
AGD017059,0,0,0,0,229309,229309,TV,TV,High,3,Medium
AGD017400,0,0,0,0,14553,14553,TV,TV,Medium,1,Low
AGD017566,0,0,0,0,46,46,TV,TV,Low,2,Low
AGD017736,0,0,0,0,122973,122973,TV,TV,High,3,Medium
AGD017852,0,0,0,0,62376,62376,TV,TV,Medium,3,Low
AGD018220,472,0,0,0,62,534,Child,Child-TV,Low,2,Low
AGD018408,249,0,0,0,2795,3044,,Child-TV,Low,3,Low
AGD018757,0,0,0,0,17100,17100,TV,TV,Medium,2,Low
AGD019067,0,0,0,0,238952,238952,TV,TV,High,3,Medium
AGD019123,0,0,0,0,880,880,TV,TV,Low,2,Low
AGD019163,0,0,0,0,86400,86400,TV,TV,High,1,Medium
AGD019329,0,0,0,0,36,36,TV,TV,Low,2,Low
AGD019649,0,0,0,0,29,29,TV,TV,Low,1,Low
AGD020058,0,0,0,0,86400,86400,TV,TV,High,1,Medium
AGD020069,0,0,0,0,222594,222594,TV,TV,High,3,Medium
AGD020651,839,11639,0,0,76790,89268,,Child-Movie-TV,High,3,Medium
AGD020726,0,0,0,0,251733,251733,TV,TV,High,3,Medium
AGD020836,0,0,0,0,70729,70729,TV,TV,High,3,Medium
AGD021279,0,0,0,0,32513,32513,TV,TV,Medium,2,Low
AGD022013,0,0,0,0,25377,25377,TV,TV,Medium,3,Low
AGD022336,0,0,0,0,2607,2607,TV,TV,Low,3,Low
AGD022546,0,0,0,0,254252,254252,TV,TV,High,3,Medium
AGD022636,0,0,0,0,99,99,TV,TV,Low,2,Low
AGD022941,0,0,0,0,67584,67584,TV,TV,High,3,Medium
AGD023077,0,0,0,0,359,359,TV,TV,Low,3,Low
AGD023183,0,1178,0,0,50211,51389,,Movie-TV,Medium,3,Low
AGD023371,0,0,0,0,163796,163796,TV,TV,High,3,Medium
AGD023573,0,0,0,0,98,98,TV,TV,Low,2,Low
AGD023826,0,0,0,0,88949,88949,TV,TV,High,3,Medium
AGD023968,0,0,0,0,51395,51395,TV,TV,Medium,3,Low
AGD024163,0,0,0,0,34167,34167,TV,TV,Medium,2,Low
AGD024197,0,0,0,0,175437,175437,TV,TV,High,3,Medium
AGD024262,0,0,0,0,208941,208941,TV,TV,High,3,Medium
AGD024320,0,0,0,0,255881,255881,TV,TV,High,3,Medium
AGD024443,0,0,0,0,0,0,Child,"",Low,2,Low
AGD024615,0,0,0,0,131975,131975,TV,TV,High,3,Medium
AGD024764,0,0,0,0,16678,16678,TV,TV,Medium,3,Low
AGD024973,0,0,0,0,11864,11864,TV,TV,Medium,3,Low
AGD025110,0,2160,0,0,1728,3888,Movie,Movie-TV,Low,3,Low
AGD025201,0,0,0,0,43959,43959,TV,TV,Medium,3,Low
AGD025485,0,0,0,0,15597,15597,TV,TV,Medium,3,Low
AGD025539,0,0,0,0,90,90,TV,TV,Low,3,Low
AGD025569,0,0,0,0,202207,202207,TV,TV,High,3,Medium
AGD025754,0,0,0,0,86400,86400,TV,TV,High,1,Medium
AGD025971,0,0,0,0,87697,87697,TV,TV,High,3,Medium
AGD026023,0,0,0,0,50284,50284,TV,TV,Medium,3,Low
AGD026510,0,0,0,0,98025,98025,TV,TV,High,3,Medium
AGD026548,0,0,0,0,78336,78336,TV,TV,High,3,Medium
AGD026609,0,0,0,0,155307,155307,TV,TV,High,3,Medium
AGD026670,0,0,0,0,86400,86400,TV,TV,High,1,Medium
AGD026742,0,752,0,0,226434,227186,,Movie-TV,High,3,Medium
AGD026915,67,54,29,36,30888,31074,,Child-Movie-Relax-Sport-TV,Medium,2,Low
AGD027000,0,0,0,0,153,153,TV,TV,Low,3,Low
AGD027072,0,0,0,0,32247,32247,TV,TV,Medium,3,Low
AGD027283,0,0,0,0,2196,2196,TV,TV,Low,1,Low
AGD027552,0,0,0,0,189831,189831,TV,TV,High,3,Medium
AGD027573,0,0,0,0,349,349,TV,TV,Low,1,Low
AGD027717,0,0,0,0,5075,5075,TV,TV,Low,1,Low
AGD027853,0,0,0,0,101317,101317,TV,TV,High,3,Medium
AGD027854,0,39427,0,0,55256,94683,,Movie-TV,High,3,Medium
AGD027883,0,0,0,0,14744,14744,TV,TV,Medium,2,Low
AGD027952,0,0,0,0,32569,32569,TV,TV,Medium,3,Low
AGD027959,0,0,0,0,256363,256363,TV,TV,High,3,Medium
AGD028021,0,0,0,0,5911,5911,TV,TV,Low,3,Low
AGD028178,0,0,0,0,83,83,TV,TV,Low,1,Low
AGD028295,0,0,0,0,253289,253289,TV,TV,High,3,Medium
AGD028511,0,0,0,0,136799,136799,TV,TV,High,2,Medium
AGD028562,0,0,0,0,21004,21004,TV,TV,Medium,3,Low
AGD028713,0,0,0,0,59101,59101,TV,TV,Medium,2,Low
AGD028746,0,0,0,0,756,756,TV,TV,Low,3,Low
AGD028963,0,0,0,0,254848,254848,TV,TV,High,3,Medium
AGD029035,0,0,0,0,133273,133273,TV,TV,High,3,Medium
AGD029141,0,0,0,0,4638,4638,TV,TV,Low,3,Low
AGD029566,0,0,0,0,75657,75657,TV,TV,High,3,Medium
AGD029635,0,0,0,0,104908,104908,TV,TV,High,3,Medium
AGD029690,0,0,0,0,7293,7293,TV,TV,Medium,2,Low
AGD029710,0,0,0,0,1714,1714,TV,TV,Low,1,Low
AGD029853,0,0,0,0,1864,1864,TV,TV,Low,1,Low
AGD029870,0,9692,0,202,10321,20215,,Movie-Sport-TV,Medium,3,Low
AGD030327,0,0,0,0,134797,134797,TV,TV,High,3,Medium
AGD030414,0,0,0,0,0,0,Child,"",Low,1,Low
AGD030426,0,0,0,0,491856,491856,TV,TV,High,3,Medium
AGD030454,0,0,0,0,1059,1059,TV,TV,Low,3,Low
AGD030741,1506,257,0,0,28775,30538,,Child-Movie-TV,Medium,3,Low
AGD030767,0,0,0,0,76,76,TV,TV,Low,3,Low
AGD030790,0,0,0,0,8718,8718,TV,TV,Medium,3,Low
AGD030864,0,0,0,0,222919,222919,TV,TV,High,3,Medium
AGD030975,0,0,0,0,11,11,TV,TV,Low,1,Low
AGD030985,0,0,0,0,9099,9099,TV,TV,Medium,2,Low
AGD030987,0,0,0,0,4600,4600,TV,TV,Low,2,Low
AGD031034,0,0,0,0,257210,257210,TV,TV,High,3,Medium
AGD031179,0,0,0,0,53776,53776,TV,TV,Medium,2,Low
AGD031203,0,0,0,0,34899,34899,TV,TV,Medium,2,Low
AGD031216,0,0,0,0,56518,56518,TV,TV,Medium,3,Low
AGD031273,0,0,0,0,206,206,TV,TV,Low,3,Low
AGD031417,0,0,0,0,16528,16528,TV,TV,Medium,3,Low
AGD031426,0,0,0,0,5866,5866,TV,TV,Low,3,Low
AGD031541,0,0,0,0,194509,194509,TV,TV,High,3,Medium
AGD031570,0,0,0,0,252476,252476,TV,TV,High,3,Medium
AGD031759,0,0,0,0,3284,3284,TV,TV,Low,2,Low
AGD031770,0,0,0,0,27413,27413,TV,TV,Medium,3,Low
AGD031846,0,0,0,0,12738,12738,TV,TV,Medium,3,Low
AGD031921,0,6441,0,0,175615,182056,,Movie-TV,High,3,Medium
AGD031932,0,0,0,0,8856,8856,TV,TV,Medium,3,Low
AGD031980,0,0,0,0,10018,10018,TV,TV,Medium,3,Low
AGD032075,0,0,0,0,82417,82417,TV,TV,High,3,Medium
AGD032224,0,0,0,0,6304,6304,TV,TV,Medium,3,Low
AGD032227,0,0,0,0,141308,141308,TV,TV,High,3,Medium
AGD032241,0,0,0,0,213783,213783,TV,TV,High,3,Medium
AGD032248,0,0,0,0,20827,20827,TV,TV,Medium,3,Low
AGD032320,0,0,0,0,56390,56390,TV,TV,Medium,3,Low
AGD032396,0,0,0,0,437,437,TV,TV,Low,3,Low
AGD032427,0,0,0,0,86400,86400,TV,TV,High,1,Medium
AGD032428,0,0,0,0,3543,3543,TV,TV,Low,1,Low
AGD032465,0,0,0,0,13537,13537,TV,TV,Medium,2,Low
AGD032489,0,0,0,0,3637,3637,TV,TV,Low,3,Low
AGD032507,0,0,0,0,127220,127220,TV,TV,High,3,Medium
AGD032567,0,2662,0,0,4541,7203,,Movie-TV,Medium,3,Low
AGD032714,0,0,0,0,22545,22545,TV,TV,Medium,3,Low
AGD032733,0,0,0,0,228,228,TV,TV,Low,3,Low
AGD032849,0,847,0,0,14081,14928,,Movie-TV,Medium,3,Low
AGFD00683,0,0,0,0,419,419,TV,TV,Low,3,Low
AGFD00914,0,0,0,0,4240,4240,TV,TV,Low,2,Low
AGFD00958,0,0,0,0,94574,94574,TV,TV,High,3,Medium
AGFD00972,0,0,0,0,123008,123008,TV,TV,High,3,Medium
AGFD01073,0,0,0,0,86758,86758,TV,TV,High,3,Medium
AGFD01109,0,0,0,0,15,15,TV,TV,Low,1,Low
AGFD01164,0,0,0,0,181,181,TV,TV,Low,3,Low
AGFD01299,0,14393,0,0,43458,57851,,Movie-TV,Medium,3,Low
AGFD01437,0,0,0,0,48123,48123,TV,TV,Medium,3,Low
AGFD01630,0,0,0,0,26410,26410,TV,TV,Medium,3,Low
AGFD01820,0,0,0,0,716,716,TV,TV,Low,3,Low
AGFD01843,0,0,0,0,58,58,TV,TV,Low,3,Low
AGFD01875,0,0,0,0,70561,70561,TV,TV,High,3,Medium
AGFD02042,0,0,0,0,39757,39757,TV,TV,Medium,3,Low
AGFD02043,0,27,0,0,801,828,,Movie-TV,Low,2,Low
AGFD02083,0,0,0,0,252013,252013,TV,TV,High,3,Medium
AGFD02086,0,0,0,0,179,179,TV,TV,Low,3,Low
AGFD02235,0,0,0,0,38233,38233,TV,TV,Medium,3,Low
AGFD02358,0,0,0,0,49113,49113,TV,TV,Medium,3,Low
AGFD02441,0,0,0,0,23310,23310,TV,TV,Medium,3,Low
AGFD02475,0,0,0,0,52058,52058,TV,TV,Medium,3,Low
AGFD02486,0,21961,0,0,30172,52133,,Movie-TV,Medium,3,Low
AGFD02509,0,0,0,0,179723,179723,TV,TV,High,3,Medium
AGFD02570,0,0,0,0,161293,161293,TV,TV,High,3,Medium
AGFD02610,1946,0,0,0,239102,241048,,Child-TV,High,3,Medium
AGFD02673,0,0,0,0,148326,148326,TV,TV,High,3,Medium
AGFD02682,0,0,0,0,3471,3471,TV,TV,Low,3,Low
AGFD02802,0,0,0,0,78140,78140,TV,TV,High,3,Medium
AGFD02813,0,9344,0,0,31107,40451,,Movie-TV,Medium,3,Low
AGFD02878,0,0,0,0,125314,125314,TV,TV,High,3,Medium
AGFD02897,0,13168,0,0,8247,21415,Movie,Movie-TV,Medium,3,Low
AGFD02934,1262,0,0,0,60458,61720,,Child-TV,Medium,3,Low
AGFD03344,0,0,0,0,899,899,TV,TV,Low,2,Low
AGFD03362,0,0,0,0,74,74,TV,TV,Low,1,Low
AGFD03433,0,2424,0,0,20481,22905,,Movie-TV,Medium,3,Low
AGFD03462,0,0,0,0,19674,19674,TV,TV,Medium,3,Low
AGFD03484,0,0,0,0,11268,11268,TV,TV,Medium,2,Low
AGFD03527,0,0,0,0,29128,29128,TV,TV,Medium,3,Low
AGFD03561,0,0,0,0,8736,8736,TV,TV,Medium,1,Low
AGFD03592,0,0,0,0,58209,58209,TV,TV,Medium,3,Low
AGFD03872,0,0,0,0,429,429,TV,TV,Low,3,Low
AGFD03891,0,16608,0,0,10594,27202,Movie,Movie-TV,Medium,3,Low
AGFD04038,0,25281,0,0,112985,138266,,Movie-TV,High,3,Medium
AGFD04067,0,0,0,0,2161,2161,TV,TV,Low,3,Low
AGFD04174,0,0,0,0,259078,259078,TV,TV,High,3,Medium
AGFD04226,0,0,0,0,566,566,TV,TV,Low,2,Low
AGFD04311,2614,0,0,0,134010,136624,,Child-TV,High,3,Medium
AGFD04563,0,0,0,0,19340,19340,TV,TV,Medium,3,Low
AGFD04647,0,0,0,0,9216,9216,TV,TV,Medium,3,Low
AGFD04660,0,0,0,0,275655,275655,TV,TV,High,3,Medium
AGFD04905,0,2244,0,0,21904,24148,,Movie-TV,Medium,2,Low
AGFD04988,0,0,0,0,231837,231837,TV,TV,High,3,Medium
AGFD05013,0,0,0,0,3112,3112,TV,TV,Low,3,Low
AGFD05125,0,0,0,0,6800,6800,TV,TV,Medium,1,Low
AGFD05157,0,0,0,0,9042,9042,TV,TV,Medium,3,Low
AGFD05199,0,0,0,0,32504,32504,TV,TV,Medium,1,Low
AGFD05220,0,0,0,0,87147,87147,TV,TV,High,3,Medium
AGFD05232,0,0,0,0,252338,252338,TV,TV,High,3,Medium
AGFD05451,0,7862,0,0,134905,142767,,Movie-TV,High,3,Medium
AGFD05635,0,0,0,0,9652,9652,TV,TV,Medium,3,Low
AGFD05745,0,0,0,0,20741,20741,TV,TV,Medium,3,Low
AGFD05824,0,0,0,0,29106,29106,TV,TV,Medium,2,Low
AGFD06197,0,0,0,0,12597,12597,TV,TV,Medium,2,Low
AGFD06199,0,0,0,0,146,146,TV,TV,Low,2,Low
AGFD06227,0,0,0,0,2014,2014,TV,TV,Low,3,Low
AGFD06332,0,0,0,0,69009,69009,TV,TV,High,3,Medium
AGFD06478,0,0,0,0,38572,38572,TV,TV,Medium,3,Low
AGFD06739,0,0,0,0,54904,54904,TV,TV,Medium,1,Low
AGFD06952,2144,0,0,0,44529,46673,,Child-TV,Medium,3,Low
AGFD07034,0,0,0,0,118209,118209,TV,TV,High,3,Medium
AGFD07136,0,13227,0,0,67308,80535,,Movie-TV,High,3,Medium
AGFD07216,0,0,0,0,3470,3470,TV,TV,Low,2,Low
AGFD07511,0,1548,0,0,70316,71864,,Movie-TV,High,3,Medium
AGFD07563,0,0,0,0,86400,86400,TV,TV,High,1,Medium
AGFD07633,0,0,0,0,18,18,TV,TV,Low,1,Low
AGFD07761,0,0,0,0,4649,4649,TV,TV,Low,3,Low
AGFD07850,0,0,0,0,251184,251184,TV,TV,High,3,Medium
AGFD07911,0,0,0,0,5760,5760,TV,TV,Low,1,Low
AGFD07955,0,0,0,0,20397,20397,TV,TV,Medium,3,Low
AGFD08182,0,0,0,0,254809,254809,TV,TV,High,3,Medium
AGFD08249,0,0,0,0,38566,38566,TV,TV,Medium,3,Low
AGFD08311,0,0,0,0,178028,178028,TV,TV,High,3,Medium
AGFD08319,0,0,0,0,5946,5946,TV,TV,Low,3,Low
AGFD08327,0,0,0,0,40744,40744,TV,TV,Medium,3,Low
AGFD08457,0,4573,0,0,43,4616,Movie,Movie-TV,Low,2,Low
AGFD08534,0,0,0,0,29282,29282,TV,TV,Medium,2,Low
AGFD08541,0,0,0,0,3569,3569,TV,TV,Low,2,Low
AGFD08653,0,0,0,0,17596,17596,TV,TV,Medium,1,Low
AGFD08662,0,0,0,0,4791,4791,TV,TV,Low,1,Low
AGFD08763,0,0,0,0,11488,11488,TV,TV,Medium,3,Low
AGFD08808,0,0,0,0,151,151,TV,TV,Low,1,Low
AGFD08843,0,0,0,0,14551,14551,TV,TV,Medium,1,Low
AGFD08860,0,6993,0,0,80,7073,Movie,Movie-TV,Medium,1,Low
AGFD08932,0,0,0,0,53380,53380,TV,TV,Medium,2,Low
AGFD08980,0,0,0,0,256130,256130,TV,TV,High,3,Medium
AGFD09039,0,0,0,0,93208,93208,TV,TV,High,3,Medium
AGFD09056,0,0,0,0,12410,12410,TV,TV,Medium,3,Low
AGFD09058,0,0,0,0,36,36,TV,TV,Low,1,Low
AGFD09174,0,30969,0,0,84538,115507,,Movie-TV,High,3,Medium
AGFD09384,0,0,0,0,62,62,TV,TV,Low,2,Low
AGFD09457,0,0,0,0,138461,138461,TV,TV,High,3,Medium
AGFD09493,0,0,0,0,2708,2708,TV,TV,Low,3,Low
AGFD09515,0,546,0,0,31927,32473,,Movie-TV,Medium,3,Low
AGFD09701,0,0,0,0,34713,34713,TV,TV,Medium,3,Low
AGFD09759,0,0,0,0,15784,15784,TV,TV,Medium,3,Low
AGFD09838,0,0,0,0,168726,168726,TV,TV,High,3,Medium
AGFD09870,0,0,0,0,387,387,TV,TV,Low,3,Low
AGFD09914,0,0,0,0,149662,149662,TV,TV,High,3,Medium
AGFD10143,0,0,0,0,16248,16248,TV,TV,Medium,3,Low
AGFD10215,0,0,0,0,230,230,TV,TV,Low,2,Low
AGFD10299,0,0,0,0,46445,46445,TV,TV,Medium,3,Low
AGFD10527,0,0,0,0,1229,1229,TV,TV,Low,3,Low
AGFD10615,0,0,0,0,909,909,TV,TV,Low,1,Low
AGFD10616,0,0,0,0,11846,11846,TV,TV,Medium,3,Low
AGFD10829,0,0,0,0,170718,170718,TV,TV,High,2,Medium
AGFD11062,0,0,0,0,10926,10926,TV,TV,Medium,1,Low
AGFD11172,0,0,0,0,67593,67593,TV,TV,High,3,Medium
AGFD11206,0,0,0,0,11762,11762,TV,TV,Medium,3,Low
AGFD11441,0,0,0,0,2207,2207,TV,TV,Low,3,Low
AGFD11487,0,0,0,0,32131,32131,TV,TV,Medium,3,Low
AGFD11622,0,0,0,0,45036,45036,TV,TV,Medium,3,Low
AGFD11695,0,2349,0,0,1778,4127,Movie,Movie-TV,Low,3,Low
AGFD11743,0,0,0,0,6002,6002,TV,TV,Low,3,Low
AGFD11802,0,0,0,0,74294,74294,TV,TV,High,3,Medium
AGFD11845,0,0,0,0,66869,66869,TV,TV,High,3,Medium
AGFD11867,0,0,0,0,387,387,TV,TV,Low,3,Low
AGFD11874,0,0,0,0,67757,67757,TV,TV,High,3,Medium
AGFD11913,0,0,0,0,52668,52668,TV,TV,Medium,3,Low
AGFD11951,0,0,0,0,14551,14551,TV,TV,Medium,1,Low
AGFD12008,0,0,0,0,67183,67183,TV,TV,High,3,Medium
AGFD12171,0,0,0,0,49644,49644,TV,TV,Medium,3,Low
AGFD12251,0,0,0,0,64029,64029,TV,TV,High,3,Medium
AGFD12272,0,0,0,0,21285,21285,TV,TV,Medium,3,Low
AGFD12328,0,0,0,0,121105,121105,TV,TV,High,3,Medium
AGFD12499,0,0,0,0,88831,88831,TV,TV,High,2,Medium
AGFD12518,0,0,0,0,2875,2875,TV,TV,Low,1,Low
AGFD12541,0,0,0,0,322,322,TV,TV,Low,3,Low
AGFD12632,0,0,0,0,11545,11545,TV,TV,Medium,3,Low
AGFD12748,0,0,0,0,23089,23089,TV,TV,Medium,3,Low
AGFD12873,0,0,0,0,85329,85329,TV,TV,High,3,Medium
AGFD12886,0,0,0,0,18273,18273,TV,TV,Medium,3,Low
AGFD13066,0,0,0,0,43228,43228,TV,TV,Medium,3,Low
AGFD13105,0,0,0,0,54176,54176,TV,TV,Medium,3,Low
AGFD13212,0,0,0,0,9893,9893,TV,TV,Medium,3,Low
AGFD13342,0,0,0,0,86400,86400,TV,TV,High,1,Medium
AGFD13446,0,0,0,0,226077,226077,TV,TV,High,3,Medium
AGFD13448,0,0,0,744,95739,96483,TV,Sport-TV,High,3,Medium
AGFD13450,0,0,0,0,8617,8617,TV,TV,Medium,1,Low
AGFD13481,0,0,0,0,62611,62611,TV,TV,Medium,3,Low
AGFD13482,0,0,0,0,13122,13122,TV,TV,Medium,3,Low
AGFD13486,0,0,0,0,37628,37628,TV,TV,Medium,3,Low
AGFD13507,0,0,0,0,28424,28424,TV,TV,Medium,3,Low
AGFD13525,0,0,0,0,28275,28275,TV,TV,Medium,3,Low
AGFD13534,0,0,0,0,44,44,TV,TV,Low,1,Low
AGFD13578,0,4390,0,0,327406,331796,,Movie-TV,High,3,Medium
AGFD13626,0,0,0,0,173543,173543,TV,TV,High,3,Medium
AGFD13708,0,0,0,0,55637,55637,TV,TV,Medium,3,Low
AGFD13811,0,0,0,0,94897,94897,TV,TV,High,3,Medium
AGFD13839,0,0,0,0,50014,50014,TV,TV,Medium,3,Low
AGFD13852,0,8327,0,0,53317,61644,,Movie-TV,Medium,3,Low
AGFD13984,0,0,0,0,16134,16134,TV,TV,Medium,3,Low
AGFD14019,0,0,0,0,73,73,TV,TV,Low,3,Low
AGFD14035,0,0,0,0,22822,22822,TV,TV,Medium,2,Low
AGFD14092,0,0,0,0,38450,38450,TV,TV,Medium,3,Low
AGFD14127,0,0,0,0,16514,16514,TV,TV,Medium,2,Low
AGFD14141,0,772,0,0,0,772,Movie,Movie,Low,1,Low
AGFD14149,0,0,0,0,104634,104634,TV,TV,High,3,Medium
AGFD14216,0,0,0,0,115425,115425,TV,TV,High,3,Medium
AGFD14221,0,12942,0,0,140845,153787,,Movie-TV,High,3,Medium
AGFD14239,0,0,0,0,152614,152614,TV,TV,High,3,Medium
AGFD14257,0,0,0,0,160239,160239,TV,TV,High,3,Medium
AGFD14304,0,0,0,0,253658,253658,TV,TV,High,3,Medium
AGFD14346,0,0,0,0,18764,18764,TV,TV,Medium,2,Low
AGFD14404,0,0,0,0,21,21,TV,TV,Low,1,Low
AGFD14416,0,0,0,0,77827,77827,TV,TV,High,3,Medium
AGFD14523,0,27698,0,0,147837,175535,,Movie-TV,High,3,Medium
AGFD14539,0,0,0,0,51938,51938,TV,TV,Medium,3,Low
AGFD14665,0,0,27,0,46786,46813,,Relax-TV,Medium,3,Low
AGFD14797,0,0,0,0,59,59,TV,TV,Low,2,Low
AGFD15058,0,0,0,0,175363,175363,TV,TV,High,3,Medium
AGFD15135,0,0,0,0,128,128,TV,TV,Low,1,Low
AGFD15187,0,0,0,0,140883,140883,TV,TV,High,3,Medium
AGFD15211,0,0,0,0,8091,8091,TV,TV,Medium,2,Low
AGFD15265,0,5969,0,0,43373,49342,,Movie-TV,Medium,3,Low
AGFD15288,0,0,0,0,26460,26460,TV,TV,Medium,3,Low
AGFD15316,0,0,0,0,98681,98681,TV,TV,High,3,Medium
AGFD15376,0,0,0,0,6179,6179,TV,TV,Medium,3,Low
AGFD15466,0,0,0,0,24265,24265,TV,TV,Medium,3,Low
AGFD15475,0,0,0,0,7623,7623,TV,TV,Medium,3,Low
AGFD15502,0,0,0,0,463,463,TV,TV,Low,1,Low
AGFD15524,0,0,0,0,259082,259082,TV,TV,High,3,Medium
AGFD15525,0,0,0,0,427388,427388,TV,TV,High,3,Medium
AGFD15561,0,8119,0,0,45512,53631,,Movie-TV,Medium,3,Low
AGFD15723,0,0,0,0,29102,29102,TV,TV,Medium,2,Low
AGFD15732,0,0,0,0,617,617,TV,TV,Low,3,Low
AGFD15773,0,0,0,0,524,524,TV,TV,Low,3,Low
AGFD15875,0,0,0,0,31663,31663,TV,TV,Medium,3,Low
AGFD15950,0,0,0,0,6232,6232,TV,TV,Medium,2,Low
AGFD16006,0,0,0,0,340330,340330,TV,TV,High,3,Medium
AGFD16012,0,0,0,0,18993,18993,TV,TV,Medium,2,Low
AGFD16037,0,0,0,0,86400,86400,TV,TV,High,1,Medium
AGFD16100,0,0,0,0,100932,100932,TV,TV,High,3,Medium
AGFD16113,0,0,0,0,56,56,TV,TV,Low,2,Low
AGFD16144,0,0,0,0,287,287,TV,TV,Low,1,Low
AGFD16222,0,0,0,0,32855,32855,TV,TV,Medium,3,Low
AGFD16296,0,0,0,0,1906,1906,TV,TV,Low,2,Low
AGFD16305,0,0,598,1428,6684,8710,TV,Relax-Sport-TV,Medium,2,Low
AGFD16306,0,1258,0,0,129600,130858,,Movie-TV,High,3,Medium
AGFD16369,0,0,0,0,15,15,TV,TV,Low,1,Low
AGFD16371,0,0,0,0,11182,11182,TV,TV,Medium,3,Low
AGFD16379,0,0,0,0,258545,258545,TV,TV,High,3,Medium
AGFD16437,0,0,0,0,153769,153769,TV,TV,High,2,Medium
AGFD16455,0,0,0,0,8421,8421,TV,TV,Medium,3,Low
AGFD16646,0,0,0,0,36233,36233,TV,TV,Medium,3,Low
AGFD16713,0,0,0,0,279208,279208,TV,TV,High,3,Medium
AGFD16765,0,0,0,0,108761,108761,TV,TV,High,2,Medium
AGFD16780,0,0,0,0,86638,86638,TV,TV,High,3,Medium
AGFD16857,0,14364,0,0,45163,59527,,Movie-TV,Medium,3,Low
AGFD16873,0,0,0,0,107324,107324,TV,TV,High,3,Medium
AGFD16899,0,0,0,0,1597,1597,TV,TV,Low,3,Low
AGFD16913,0,0,0,0,113848,113848,TV,TV,High,3,Medium
AGFD16916,0,0,0,0,84915,84915,TV,TV,High,3,Medium
AGFD16918,0,0,0,0,239266,239266,TV,TV,High,3,Medium
AGFD16945,0,0,0,0,8515,8515,TV,TV,Medium,3,Low
AGFD17018,0,0,0,0,69507,69507,TV,TV,High,3,Medium
AGFD17063,0,0,0,0,63989,63989,TV,TV,High,3,Medium
AGFD17075,1251,0,0,0,102721,103972,,Child-TV,High,3,Medium
AGFD17171,0,0,0,0,4993,4993,TV,TV,Low,2,Low
AGFD17201,0,14526,0,0,70781,85307,,Movie-TV,High,3,Medium
AGFD17204,0,0,0,0,32618,32618,TV,TV,Medium,3,Low
AGFD17274,0,0,0,0,212520,212520,TV,TV,High,3,Medium
AGFD17424,0,0,0,0,48934,48934,TV,TV,Medium,3,Low
AGFD17459,0,0,0,0,212777,212777,TV,TV,High,3,Medium
AGFD17479,0,0,0,0,104785,104785,TV,TV,High,2,Medium
AGFD17738,0,0,0,0,227389,227389,TV,TV,High,3,Medium
AGFD17774,0,0,0,0,198164,198164,TV,TV,High,3,Medium
AGFD17938,0,0,0,0,183310,183310,TV,TV,High,3,Medium
AGFD17947,0,0,0,0,31217,31217,TV,TV,Medium,3,Low
AGFD18003,0,0,0,0,193290,193290,TV,TV,High,3,Medium
AGFD18079,0,1973,0,0,11825,13798,,Movie-TV,Medium,2,Low
AGFD18090,0,0,0,0,31201,31201,TV,TV,Medium,3,Low
AGFD18188,0,0,0,0,177591,177591,TV,TV,High,3,Medium
AGFD18294,0,0,0,0,94451,94451,TV,TV,High,3,Medium
AGFD18300,0,0,0,0,86400,86400,TV,TV,High,1,Medium
AGFD18363,0,0,0,0,44687,44687,TV,TV,Medium,1,Low
AGFD18488,0,0,0,0,47928,47928,TV,TV,Medium,3,Low
AGFD18489,0,0,0,0,74934,74934,TV,TV,High,3,Medium
AGFD18500,0,0,0,0,167715,167715,TV,TV,High,3,Medium
AGFD18523,0,0,0,0,79128,79128,TV,TV,High,3,Medium
AGFD18531,0,0,0,0,19053,19053,TV,TV,Medium,3,Low
AGFD18610,0,0,0,0,24524,24524,TV,TV,Medium,2,Low
AGFD18620,0,0,0,0,34963,34963,TV,TV,Medium,3,Low
AGFD18696,0,0,0,0,14552,14552,TV,TV,Medium,1,Low
AGFD18741,0,0,0,0,14509,14509,TV,TV,Medium,3,Low
AGFD18858,0,0,0,0,25821,25821,TV,TV,Medium,2,Low
AGFD18873,0,0,0,0,175423,175423,TV,TV,High,3,Medium
AGFD18977,0,0,0,0,163065,163065,TV,TV,High,2,Medium
AGFD19038,0,0,0,0,252846,252846,TV,TV,High,3,Medium
AGFD19111,0,0,0,0,86400,86400,TV,TV,High,1,Medium
AGFD19137,8976,0,0,0,27471,36447,,Child-TV,Medium,3,Low
AGFD19143,0,0,0,0,259200,259200,TV,TV,High,3,Medium
AGFD19229,0,0,0,0,4259,4259,TV,TV,Low,3,Low
AGFD19243,0,0,0,0,40445,40445,TV,TV,Medium,3,Low
AGFD19376,0,0,0,0,22522,22522,TV,TV,Medium,3,Low
AGFD19401,0,0,0,0,23970,23970,TV,TV,Medium,2,Low
AGFD19500,0,0,0,0,1383,1383,TV,TV,Low,2,Low
AGFD19673,0,0,0,0,92236,92236,TV,TV,High,3,Medium
AGFD19715,0,0,0,0,896,896,TV,TV,Low,3,Low
AGFD19787,0,0,0,0,76674,76674,TV,TV,High,3,Medium
AGFD19908,0,0,0,0,172800,172800,TV,TV,High,2,Medium
AGFD20102,0,0,0,0,11526,11526,TV,TV,Medium,1,Low
AGFD20198,0,0,0,0,47023,47023,TV,TV,Medium,2,Low
AGFD20295,1524,26281,0,0,22828,50633,Movie,Child-Movie-TV,Medium,3,Low
AGFD20322,0,0,0,0,452,452,TV,TV,Low,3,Low
AGFD20323,0,0,0,0,43555,43555,TV,TV,Medium,3,Low
AGFD20364,0,1953,0,0,17,1970,Movie,Movie-TV,Low,3,Low
AGFD20369,0,0,0,0,10903,10903,TV,TV,Medium,3,Low
AGFD20399,0,0,0,0,2343,2343,TV,TV,Low,3,Low
AGFD20404,8302,0,0,0,88,8390,Child,Child-TV,Medium,3,Low
AGFD20409,0,0,0,0,18614,18614,TV,TV,Medium,3,Low
AGFD20462,0,0,0,0,112288,112288,TV,TV,High,2,Medium
AGFD20535,0,0,0,0,70930,70930,TV,TV,High,3,Medium
AGFD20561,0,0,0,0,46613,46613,TV,TV,Medium,1,Low
AGFD20571,0,0,0,0,145,145,TV,TV,Low,3,Low
AGFD20644,0,0,0,0,1887,1887,TV,TV,Low,2,Low
AGFD20663,0,13975,0,0,31627,45602,,Movie-TV,Medium,3,Low
AGFD20764,0,0,0,0,39862,39862,TV,TV,Medium,3,Low
AGFD20838,0,0,0,0,75137,75137,TV,TV,High,3,Medium
AGFD20845,0,0,0,0,20668,20668,TV,TV,Medium,2,Low
AGFD20910,0,0,0,0,194,194,TV,TV,Low,2,Low
AGFD20955,0,0,0,0,13260,13260,TV,TV,Medium,3,Low
AGFD21052,0,0,0,0,49210,49210,TV,TV,Medium,3,Low
AGFD21115,0,0,0,0,30061,30061,TV,TV,Medium,3,Low
AGFD21182,187,0,0,0,20233,20420,,Child-TV,Medium,3,Low
AGFD21184,0,0,0,0,23871,23871,TV,TV,Medium,3,Low
AGFD21231,63,0,0,0,0,63,Child,Child,Low,1,Low
AGFD21321,0,0,0,0,110505,110505,TV,TV,High,3,Medium
AGFD21374,0,0,0,0,15811,15811,TV,TV,Medium,2,Low
AGFD21389,0,0,0,0,48,48,TV,TV,Low,2,Low
AGFD21406,0,0,0,0,3196,3196,TV,TV,Low,3,Low
AGFD21417,0,0,0,0,9616,9616,TV,TV,Medium,2,Low
AGFD21547,0,0,0,0,985,985,TV,TV,Low,2,Low
AGFD21563,0,0,0,0,86400,86400,TV,TV,High,1,Medium
AGFD21653,0,22,0,0,23661,23683,,Movie-TV,Medium,3,Low
AGFD21692,0,0,0,0,19867,19867,TV,TV,Medium,3,Low
AGFD21705,0,0,0,0,99588,99588,TV,TV,High,3,Medium
AGFD21717,0,0,0,0,14893,14893,TV,TV,Medium,3,Low
AGFD21749,0,0,0,0,30006,30006,TV,TV,Medium,2,Low
AGFD21761,0,0,0,0,7419,7419,TV,TV,Medium,3,Low
AGFD21806,0,0,0,0,84525,84525,TV,TV,High,3,Medium
AGFD21820,0,0,0,0,4883,4883,TV,TV,Low,1,Low
AGFD21937,0,0,0,0,228013,228013,TV,TV,High,3,Medium
AGFD21987,0,0,0,0,97537,97537,TV,TV,High,3,Medium
AGFD22008,0,0,0,0,145647,145647,TV,TV,High,3,Medium
AGFD22017,0,0,0,0,167361,167361,TV,TV,High,3,Medium
AGFD22084,0,0,0,0,4937,4937,TV,TV,Low,3,Low
AGFD22153,0,0,0,0,18,18,TV,TV,Low,1,Low
AGFD22164,0,0,0,0,171963,171963,TV,TV,High,2,Medium
AGFD22165,0,0,0,0,81936,81936,TV,TV,High,3,Medium
AGFD22188,0,0,0,0,100878,100878,TV,TV,High,3,Medium
AGFD22301,0,18556,0,0,13700,32256,Movie,Movie-TV,Medium,3,Low
AGFD22322,0,0,0,0,3060,3060,TV,TV,Low,2,Low
AGFD22361,0,0,0,0,33368,33368,TV,TV,Medium,3,Low
AGFD22390,0,0,0,0,7187,7187,TV,TV,Medium,2,Low
AGFD22541,0,0,0,0,237787,237787,TV,TV,High,3,Medium
AGFD22565,0,0,0,0,84903,84903,TV,TV,High,3,Medium
AGFD22692,0,0,0,0,14552,14552,TV,TV,Medium,1,Low
AGFD22725,0,0,0,0,89984,89984,TV,TV,High,3,Medium
AGFD22802,0,0,0,0,116367,116367,TV,TV,High,3,Medium
AGFD22813,0,0,0,0,16035,16035,TV,TV,Medium,3,Low
AGFD22817,0,0,0,0,44222,44222,TV,TV,Medium,3,Low
AGFD22821,0,41932,0,0,51554,93486,,Movie-TV,High,3,Medium
AGFD22837,0,0,0,0,73609,73609,TV,TV,High,3,Medium
AGFD22886,0,0,0,0,30232,30232,TV,TV,Medium,3,Low
AGFD22924,0,0,0,0,42206,42206,TV,TV,Medium,3,Low
AGFD22930,0,0,0,0,6180,6180,TV,TV,Medium,3,Low
AGFD22957,0,0,0,0,36970,36970,TV,TV,Medium,1,Low
AGFD23001,0,0,0,0,75986,75986,TV,TV,High,3,Medium
AGFD23034,0,0,0,0,59891,59891,TV,TV,Medium,2,Low
AGFD23087,0,0,0,0,66801,66801,TV,TV,High,3,Medium
AGFD23088,0,0,0,0,258048,258048,TV,TV,High,3,Medium
AGFD23119,0,0,0,0,16515,16515,TV,TV,Medium,3,Low
AGFD23161,0,0,0,0,14,14,TV,TV,Low,1,Low
AGFD23185,4670,0,0,0,34897,39567,,Child-TV,Medium,3,Low
AGFD23213,0,0,0,0,86400,86400,TV,TV,High,1,Medium
AGFD23255,0,0,0,0,28,28,TV,TV,Low,1,Low
AGFD23270,0,0,0,0,177,177,TV,TV,Low,3,Low
AGFD23272,0,0,0,0,12010,12010,TV,TV,Medium,1,Low
AGFD23285,0,0,0,0,541,541,TV,TV,Low,3,Low
AGFD23299,0,0,0,0,1713,1713,TV,TV,Low,1,Low
AGFD23323,0,0,0,0,67450,67450,TV,TV,High,3,Medium
AGFD23392,0,0,0,0,530,530,TV,TV,Low,3,Low
AGFD23396,0,0,0,0,152547,152547,TV,TV,High,3,Medium
AGFD23423,0,0,0,0,659,659,TV,TV,Low,1,Low
AGFD23478,0,0,0,0,41402,41402,TV,TV,Medium,3,Low
AGFD23498,0,0,0,0,24915,24915,TV,TV,Medium,3,Low
AGFD23541,0,0,0,0,73,73,TV,TV,Low,2,Low
AGFD23556,0,0,0,0,12022,12022,TV,TV,Medium,3,Low
AGFD23569,0,0,0,0,80445,80445,TV,TV,High,3,Medium
AGFD23611,0,0,0,0,44333,44333,TV,TV,Medium,3,Low
AGFD23631,0,0,0,0,108253,108253,TV,TV,High,2,Medium
AGFD23650,0,0,0,0,347,347,TV,TV,Low,2,Low
AGFD23710,0,0,0,0,164807,164807,TV,TV,High,3,Medium
AGFD23726,0,0,0,0,109980,109980,TV,TV,High,3,Medium
AGFD23839,0,0,0,0,143461,143461,TV,TV,High,3,Medium
AGFD23885,0,0,0,0,102634,102634,TV,TV,High,3,Medium
AGFD23902,0,133,0,0,13966,14099,,Movie-TV,Medium,3,Low
AGFD23913,0,0,0,0,62760,62760,TV,TV,Medium,3,Low
AGFD23940,0,0,0,0,614,614,TV,TV,Low,2,Low
AGFD24121,0,0,0,0,37507,37507,TV,TV,Medium,3,Low
AGFD24264,0,0,0,0,3034,3034,TV,TV,Low,3,Low
AGFD24315,0,0,0,0,70644,70644,TV,TV,High,2,Medium
AGFD24463,0,0,0,0,9130,9130,TV,TV,Medium,3,Low
AGFD24549,0,0,0,0,12131,12131,TV,TV,Medium,2,Low
AGFD24561,0,0,0,0,2304,2304,TV,TV,Low,3,Low
AGFD24566,0,0,0,0,3951,3951,TV,TV,Low,3,Low
AGFD24581,0,0,0,0,6928,6928,TV,TV,Medium,3,Low
AGFD24627,0,0,0,0,22,22,TV,TV,Low,1,Low
AGFD24633,0,0,0,0,16566,16566,TV,TV,Medium,2,Low
AGFD24744,0,0,0,0,1142,1142,TV,TV,Low,3,Low
AGFD24798,0,0,0,0,211,211,TV,TV,Low,3,Low
AGFD24850,0,0,0,0,414,414,TV,TV,Low,2,Low
AGFD24982,0,0,0,0,1411,1411,TV,TV,Low,2,Low
AGFD24990,0,0,0,0,20121,20121,TV,TV,Medium,3,Low
AGFD25077,41768,0,0,0,97684,139452,,Child-TV,High,3,Medium
AGFD25160,0,0,0,0,248259,248259,TV,TV,High,3,Medium
AGFD25304,0,0,0,0,14,14,TV,TV,Low,1,Low
AGFD25310,0,0,0,0,66636,66636,TV,TV,High,3,Medium
AGFD25360,0,0,0,0,41715,41715,TV,TV,Medium,2,Low
AGFD25376,0,0,0,0,24621,24621,TV,TV,Medium,3,Low
AGFD25399,0,0,0,0,9551,9551,TV,TV,Medium,3,Low
AGFD25427,0,0,0,0,31920,31920,TV,TV,Medium,3,Low
AGFD25437,0,0,0,0,405135,405135,TV,TV,High,3,Medium
AGFD25487,0,0,0,0,96191,96191,TV,TV,High,3,Medium
AGFD25505,0,0,0,0,2762,2762,TV,TV,Low,2,Low
AGFD25523,0,0,0,0,59363,59363,TV,TV,Medium,3,Low
AGFD25587,0,0,0,0,7347,7347,TV,TV,Medium,3,Low
AGFD25612,0,0,0,0,258724,258724,TV,TV,High,3,Medium
AGFD25623,0,0,0,0,8123,8123,TV,TV,Medium,3,Low
AGFD25626,0,0,0,0,41,41,TV,TV,Low,2,Low
AGFD25788,0,0,0,0,4103,4103,TV,TV,Low,3,Low
AGFD25803,0,0,0,0,29823,29823,TV,TV,Medium,3,Low
AGFD25826,0,0,0,0,86400,86400,TV,TV,High,1,Medium
AGFD25865,0,0,0,0,86400,86400,TV,TV,High,1,Medium
AGFD25922,0,0,0,0,350780,350780,TV,TV,High,3,Medium
AGFD25942,0,0,0,0,66805,66805,TV,TV,High,3,Medium
AGFD25974,0,0,0,0,222107,222107,TV,TV,High,3,Medium
AGFD25975,0,0,0,0,704,704,TV,TV,Low,3,Low
AGFD26057,0,0,0,0,20838,20838,TV,TV,Medium,3,Low
AGFD26074,0,0,0,0,175201,175201,TV,TV,High,3,Medium
AGFD26159,0,0,0,0,33618,33618,TV,TV,Medium,3,Low
AGFD26215,0,0,0,0,1271,1271,TV,TV,Low,3,Low
AGFD26254,0,0,0,0,550,550,TV,TV,Low,2,Low
AGFD26291,0,0,0,0,12574,12574,TV,TV,Medium,3,Low
AGFD26439,0,0,0,0,135031,135031,TV,TV,High,3,Medium
AGFD26455,0,0,0,0,94218,94218,TV,TV,High,2,Medium
AGFD26470,0,0,0,0,55222,55222,TV,TV,Medium,3,Low
AGFD26609,0,0,0,0,28796,28796,TV,TV,Medium,3,Low
AGFD26657,0,0,0,0,28529,28529,TV,TV,Medium,3,Low
AGFD26742,0,0,0,0,67911,67911,TV,TV,High,3,Medium
AGFD26767,0,0,0,0,78576,78576,TV,TV,High,3,Medium
AGFD26868,0,0,0,0,45,45,TV,TV,Low,1,Low
AGFD26871,1191,0,0,0,26979,28170,,Child-TV,Medium,2,Low
AGFD26907,0,0,0,0,17973,17973,TV,TV,Medium,3,Low
AGFD26913,0,0,0,0,101,101,TV,TV,Low,2,Low
AGFD26924,0,0,0,0,91217,91217,TV,TV,High,3,Medium
AGFD26937,0,0,0,0,137098,137098,TV,TV,High,3,Medium
AGFD27014,0,0,0,0,26810,26810,TV,TV,Medium,3,Low
AGFD27044,0,0,0,0,171,171,TV,TV,Low,3,Low
AGFD27127,0,0,0,0,86940,86940,TV,TV,High,3,Medium
AGFD27164,0,0,0,0,434932,434932,TV,TV,High,3,Medium
AGFD27206,0,0,0,0,13,13,TV,TV,Low,1,Low
AGFD27311,0,0,0,0,64520,64520,TV,TV,High,2,Medium
AGFD27325,0,0,0,0,204362,204362,TV,TV,High,3,Medium
AGFD27332,0,0,0,0,86400,86400,TV,TV,High,1,Medium
AGFD27346,0,0,0,0,55329,55329,TV,TV,Medium,3,Low
AGFD27389,0,0,0,0,15721,15721,TV,TV,Medium,3,Low
AGFD27441,0,0,0,0,20090,20090,TV,TV,Medium,3,Low
AGFD27458,0,0,0,0,23259,23259,TV,TV,Medium,2,Low
AGFD27467,0,0,0,0,31,31,TV,TV,Low,1,Low
AGFD27493,0,0,0,0,172800,172800,TV,TV,High,2,Medium
AGFD27507,0,0,0,0,86400,86400,TV,TV,High,1,Medium
AGFD27543,0,0,0,0,114333,114333,TV,TV,High,3,Medium
AGFD27566,0,0,0,0,163,163,TV,TV,Low,1,Low
AGFD27619,0,0,0,0,47536,47536,TV,TV,Medium,3,Low
AGFD27669,0,0,0,0,12,12,TV,TV,Low,1,Low
AGFD27727,0,0,0,0,3411,3411,TV,TV,Low,3,Low
AGFD27754,0,0,0,0,66323,66323,TV,TV,High,3,Medium
AGFD27789,0,0,0,0,132577,132577,TV,TV,High,3,Medium
AGFD27945,0,0,0,0,48963,48963,TV,TV,Medium,1,Low
AGFD27979,0,0,0,0,159847,159847,TV,TV,High,3,Medium
AGFD27980,0,0,0,0,1332,1332,TV,TV,Low,3,Low
AGFD27981,0,0,0,0,68623,68623,TV,TV,High,3,Medium
AGFD27998,0,0,0,0,4091,4091,TV,TV,Low,2,Low
AGFD28003,0,0,0,0,1804,1804,TV,TV,Low,3,Low
AGFD28022,0,0,0,0,36,36,TV,TV,Low,1,Low
AGFD28028,0,0,0,0,5014,5014,TV,TV,Low,3,Low
AGFD28031,0,0,0,0,4543,4543,TV,TV,Low,3,Low
AGFD28054,0,0,0,0,25388,25388,TV,TV,Medium,3,Low
AGFD28056,0,0,0,0,6639,6639,TV,TV,Medium,1,Low
AGFD28117,815,0,0,0,86601,87416,,Child-TV,High,3,Medium
AGFD28145,0,0,0,0,140284,140284,TV,TV,High,3,Medium
AGFD28167,0,0,0,0,76103,76103,TV,TV,High,1,Medium
AGFD28177,0,0,0,0,14578,14578,TV,TV,Medium,1,Low
AGFD28183,0,0,0,0,86675,86675,TV,TV,High,3,Medium
AGFD28229,0,0,0,0,7426,7426,TV,TV,Medium,3,Low
AGFD28282,0,0,0,0,8348,8348,TV,TV,Medium,3,Low
AGFD28294,0,0,0,0,103734,103734,TV,TV,High,3,Medium
AGFD28321,0,0,0,0,42296,42296,TV,TV,Medium,3,Low
AGFD28346,0,0,0,0,2178,2178,TV,TV,Low,3,Low
AGFD28380,0,0,0,0,17591,17591,TV,TV,Medium,3,Low
AGFD28430,0,0,0,0,343,343,TV,TV,Low,1,Low
AGFD28438,0,0,0,0,39354,39354,TV,TV,Medium,3,Low
AGFD28469,0,0,0,0,16657,16657,TV,TV,Medium,2,Low
AGFD28474,0,0,0,0,17232,17232,TV,TV,Medium,3,Low
AGFD28529,0,0,0,0,9743,9743,TV,TV,Medium,1,Low
AGFD28549,0,0,0,0,9427,9427,TV,TV,Medium,3,Low
AGFD28608,0,0,0,0,599,599,TV,TV,Low,3,Low
AGFD28639,0,0,0,0,77018,77018,TV,TV,High,3,Medium
AGFD28712,0,0,0,0,172800,172800,TV,TV,High,2,Medium
AGFD28740,0,0,0,0,20800,20800,TV,TV,Medium,2,Low
AGFD28745,0,0,0,0,30574,30574,TV,TV,Medium,3,Low
AGFD28762,0,7955,0,0,47120,55075,,Movie-TV,Medium,3,Low
AGFD28786,0,0,0,0,41128,41128,TV,TV,Medium,2,Low
AGFD28857,0,142,0,0,7549,7691,,Movie-TV,Medium,3,Low
AGFD28858,0,0,0,0,254622,254622,TV,TV,High,3,Medium
AGFD28884,0,1168,0,0,88081,89249,,Movie-TV,High,3,Medium
AGFD28989,0,0,0,0,22098,22098,TV,TV,Medium,3,Low
AGFD29089,0,0,0,0,28,28,TV,TV,Low,2,Low
AGFD29090,0,0,0,0,30283,30283,TV,TV,Medium,3,Low
AGFD29151,0,0,0,0,86400,86400,TV,TV,High,1,Medium
AGFD29154,0,0,0,0,12948,12948,TV,TV,Medium,3,Low
AGFD29464,0,0,0,0,616,616,TV,TV,Low,1,Low
AGFD29489,0,0,0,0,3676,3676,TV,TV,Low,3,Low
AGFD29490,0,0,0,0,32589,32589,TV,TV,Medium,3,Low
AGFD29646,0,0,0,0,42157,42157,TV,TV,Medium,1,Low
AGFD29651,0,22221,0,0,778,22999,Movie,Movie-TV,Medium,3,Low
AGFD29660,0,0,0,0,231997,231997,TV,TV,High,3,Medium
AGFD29790,0,0,0,0,23224,23224,TV,TV,Medium,3,Low
AGFD29815,0,0,0,0,57654,57654,TV,TV,Medium,3,Low
AGFD29823,0,0,0,0,15677,15677,TV,TV,Medium,2,Low
AGFD29852,0,0,0,0,36840,36840,TV,TV,Medium,3,Low
AGFD29860,0,0,0,0,2540,2540,TV,TV,Low,3,Low
AGFD29883,0,0,0,0,6428,6428,TV,TV,Medium,3,Low
AGFD29944,0,0,0,0,204280,204280,TV,TV,High,3,Medium
AGFD29962,0,0,0,0,86400,86400,TV,TV,High,1,Medium
AGFD29980,0,0,0,0,86445,86445,TV,TV,High,2,Medium
AGFD29999,0,0,0,0,43464,43464,TV,TV,Medium,3,Low
AGFD30034,0,0,0,0,86400,86400,TV,TV,High,1,Medium
AGFD30056,0,0,0,0,160,160,TV,TV,Low,1,Low
AGFD30058,0,0,0,0,49507,49507,TV,TV,Medium,3,Low
AGFD30104,0,0,0,0,7541,7541,TV,TV,Medium,3,Low
AGFD30112,0,0,0,0,2730,2730,TV,TV,Low,3,Low
AGFD30126,0,0,0,0,98612,98612,TV,TV,High,3,Medium
AGFD30253,0,0,0,0,31464,31464,TV,TV,Medium,3,Low
AGFD30256,0,0,0,0,14824,14824,TV,TV,Medium,2,Low
AGFD30292,0,0,0,0,32033,32033,TV,TV,Medium,2,Low
AGFD30326,0,0,0,0,172591,172591,TV,TV,High,2,Medium
AGFD30400,0,0,0,0,6005,6005,TV,TV,Low,3,Low
AGFD30460,0,0,0,0,19932,19932,TV,TV,Medium,3,Low
AGFD30526,0,7217,0,0,45195,52412,,Movie-TV,Medium,3,Low
AGFD30532,0,0,0,0,234537,234537,TV,TV,High,3,Medium
AGFD30542,0,0,0,0,79973,79973,TV,TV,High,1,Medium
AGFD30655,0,0,0,0,37443,37443,TV,TV,Medium,2,Low
AGFD30767,0,0,0,0,45116,45116,TV,TV,Medium,3,Low
AGFD30783,0,0,0,0,23454,23454,TV,TV,Medium,1,Low
AGFD30825,0,0,0,0,35988,35988,TV,TV,Medium,1,Low
AGFD30884,0,0,0,0,122490,122490,TV,TV,High,3,Medium
AGFD30950,0,0,0,0,10110,10110,TV,TV,Medium,2,Low
AGFD31025,0,0,0,0,56452,56452,TV,TV,Medium,3,Low
AGFD31035,0,0,0,0,162274,162274,TV,TV,High,3,Medium
AGFD31091,0,0,0,0,184764,184764,TV,TV,High,3,Medium
AGFD31122,0,0,0,0,158990,158990,TV,TV,High,3,Medium
AGFD31197,0,0,0,0,3739,3739,TV,TV,Low,3,Low
AGFD31211,0,0,0,0,86400,86400,TV,TV,High,1,Medium
AGFD31220,0,0,0,0,9881,9881,TV,TV,Medium,3,Low
AGFD31251,0,0,0,0,118,118,TV,TV,Low,2,Low
AGFD31286,0,0,0,0,36700,36700,TV,TV,Medium,3,Low
AGFD31290,0,0,0,0,86400,86400,TV,TV,High,1,Medium
AGFD31351,0,0,0,0,19191,19191,TV,TV,Medium,3,Low
AGFD31378,0,0,0,0,7731,7731,TV,TV,Medium,3,Low
AGFD31380,0,0,0,0,254553,254553,TV,TV,High,3,Medium
AGFD31419,0,0,0,0,230493,230493,TV,TV,High,3,Medium
AGFD31428,0,0,0,0,36282,36282,TV,TV,Medium,3,Low
AGFD31445,0,0,0,0,39623,39623,TV,TV,Medium,3,Low
AGFD31478,0,0,0,0,86474,86474,TV,TV,High,2,Medium
AGFD31557,0,0,0,0,573,573,TV,TV,Low,3,Low
AGFD31560,0,0,0,0,1983,1983,TV,TV,Low,2,Low
AGFD31618,0,0,0,0,86400,86400,TV,TV,High,1,Medium
AGFD31640,0,0,0,0,118854,118854,TV,TV,High,3,Medium
AGFD31645,0,0,0,0,7429,7429,TV,TV,Medium,1,Low
AGFD31650,0,0,0,0,42640,42640,TV,TV,Medium,3,Low
AGFD31747,0,0,0,0,11493,11493,TV,TV,Medium,3,Low
AGFD31813,0,0,0,0,181327,181327,TV,TV,High,3,Medium
AGFD31841,0,0,0,0,7934,7934,TV,TV,Medium,1,Low
AGFD31919,0,0,0,0,49401,49401,TV,TV,Medium,2,Low
AGFD31938,0,0,0,0,1424,1424,TV,TV,Low,3,Low
AGFD31980,0,3667,0,0,57328,60995,,Movie-TV,Medium,3,Low
AGFD32034,0,0,0,0,14397,14397,TV,TV,Medium,1,Low
AGFD32050,0,0,0,0,31142,31142,TV,TV,Medium,3,Low
AGFD32227,0,0,0,0,29100,29100,TV,TV,Medium,2,Low
AGFD32262,0,0,0,0,70919,70919,TV,TV,High,3,Medium
AGFD32347,0,15004,0,0,38120,53124,,Movie-TV,Medium,3,Low
AGFD32349,0,0,0,0,25123,25123,TV,TV,Medium,3,Low
AGFD32358,0,0,0,0,22455,22455,TV,TV,Medium,3,Low
AGFD32422,0,0,0,0,91407,91407,TV,TV,High,3,Medium
AGFD32513,0,0,0,0,8937,8937,TV,TV,Medium,3,Low
AGFD32524,0,0,0,0,1359,1359,TV,TV,Low,2,Low
AGFD32545,0,0,0,0,405,405,TV,TV,Low,2,Low
AGFD32570,0,0,0,0,163747,163747,TV,TV,High,2,Medium
AGFD32615,0,0,0,0,26594,26594,TV,TV,Medium,3,Low
AGFD32722,0,0,0,0,744,744,TV,TV,Low,3,Low
AGFD32746,0,0,0,0,147932,147932,TV,TV,High,3,Medium
AGFD32776,0,0,0,0,48006,48006,TV,TV,Medium,3,Low
AGFD32793,0,0,0,0,46934,46934,TV,TV,Medium,3,Low
AGFD32828,0,0,0,0,81016,81016,TV,TV,High,3,Medium
AGFD32834,0,0,0,0,66599,66599,TV,TV,High,3,Medium
AGFD32902,0,0,0,0,30,30,TV,TV,Low,1,Low
AGFD32915,0,0,0,0,13,13,TV,TV,Low,1,Low
AGFD32934,0,1050,0,0,0,1050,Movie,Movie,Low,2,Low
AGFD32937,0,0,0,0,86503,86503,TV,TV,High,2,Medium
AGFD32939,0,0,0,0,27,27,TV,TV,Low,1,Low
AGFD32970,0,0,0,0,11918,11918,TV,TV,Medium,2,Low
AGFD32991,0,0,0,0,61001,61001,TV,TV,Medium,3,Low
AGFD33027,0,0,0,0,3296,3296,TV,TV,Low,3,Low
AGFD33067,0,0,0,0,127328,127328,TV,TV,High,3,Medium
AGFD33115,0,0,0,0,55097,55097,TV,TV,Medium,3,Low
AGFD33188,0,0,0,0,24848,24848,TV,TV,Medium,1,Low
AGFD33201,0,0,0,0,1268,1268,TV,TV,Low,2,Low
AGFD33216,0,0,0,0,221396,221396,TV,TV,High,3,Medium
AGFD33218,0,0,0,0,186,186,TV,TV,Low,2,Low
AGFD33232,0,0,0,0,76306,76306,TV,TV,High,3,Medium
AGFD33239,0,0,0,0,65132,65132,TV,TV,High,3,Medium
AGFD33344,0,0,0,0,268,268,TV,TV,Low,2,Low
AGFD33348,0,0,0,0,22784,22784,TV,TV,Medium,3,Low
AGFD33349,0,0,0,0,166264,166264,TV,TV,High,2,Medium
AGFD33418,0,0,0,0,924,924,TV,TV,Low,3,Low
AGFD33478,0,0,0,0,13,13,TV,TV,Low,1,Low
AGFD33499,0,0,0,0,124,124,TV,TV,Low,3,Low
AGFD33519,0,0,0,0,86400,86400,TV,TV,High,1,Medium
AGFD33559,0,0,0,0,86659,86659,TV,TV,High,3,Medium
AGFD33578,0,0,0,0,5839,5839,TV,TV,Low,2,Low
AGFD33637,0,0,0,0,3890,3890,TV,TV,Low,3,Low
AGFD33739,0,0,0,0,102,102,TV,TV,Low,3,Low
AGFD33740,0,0,0,0,380,380,TV,TV,Low,2,Low
AGFD33743,0,0,0,0,14551,14551,TV,TV,Medium,1,Low
AGFD33816,0,0,0,0,4082,4082,TV,TV,Low,2,Low
AGFD33858,0,0,0,0,34099,34099,TV,TV,Medium,3,Low
AGFD33927,0,0,0,0,192816,192816,TV,TV,High,3,Medium
AGFD33959,0,0,0,0,49810,49810,TV,TV,Medium,3,Low
AGFD33962,0,0,0,0,86423,86423,TV,TV,High,2,Medium
AGFD34154,0,0,0,0,417,417,TV,TV,Low,3,Low
AGFD34164,0,0,0,0,11,11,TV,TV,Low,1,Low
AGFD34215,0,0,0,0,53141,53141,TV,TV,Medium,2,Low
AGFD34272,0,0,0,0,18541,18541,TV,TV,Medium,3,Low
AGFD34336,0,0,0,0,55642,55642,TV,TV,Medium,3,Low
AGFD34412,0,0,0,0,23,23,TV,TV,Low,1,Low
AGFD34483,0,0,0,0,161266,161266,TV,TV,High,3,Medium
AGFD34733,0,0,0,0,2592,2592,TV,TV,Low,2,Low
AGFD34753,92,0,0,0,0,92,Child,Child,Low,1,Low
AGFD34754,0,0,0,0,56801,56801,TV,TV,Medium,3,Low
AGFD34802,0,0,0,0,31069,31069,TV,TV,Medium,3,Low
AGFD34851,0,0,0,0,182,182,TV,TV,Low,1,Low
AGFD35042,0,0,0,0,224284,224284,TV,TV,High,3,Medium
AGFD35062,0,0,0,0,25364,25364,TV,TV,Medium,3,Low
AGFD35067,0,0,0,0,102678,102678,TV,TV,High,3,Medium
AGFD35192,0,0,0,0,1261,1261,TV,TV,Low,1,Low
AGFD35250,0,0,0,0,40,40,TV,TV,Low,2,Low
AGFD35321,0,0,0,0,199633,199633,TV,TV,High,3,Medium
AGFD35337,0,0,0,0,59122,59122,TV,TV,Medium,3,Low
AGFD35398,0,0,0,0,5488,5488,TV,TV,Low,2,Low
AGFD35517,0,0,0,0,45751,45751,TV,TV,Medium,3,Low
AGFD35534,0,0,0,0,16069,16069,TV,TV,Medium,3,Low
AGFD35631,0,0,0,0,119416,119416,TV,TV,High,3,Medium
AGFD35648,0,0,0,0,13778,13778,TV,TV,Medium,3,Low
AGFD35649,0,0,0,0,218,218,TV,TV,Low,3,Low
AGFD35712,0,0,0,0,86438,86438,TV,TV,High,3,Medium
AGFD35738,0,0,0,0,58955,58955,TV,TV,Medium,3,Low
AGFD35761,0,0,0,0,16962,16962,TV,TV,Medium,3,Low
AGFD35777,0,0,0,0,30003,30003,TV,TV,Medium,2,Low
AGFD35784,0,0,0,0,209862,209862,TV,TV,High,3,Medium
AGFD35811,0,0,0,0,1129,1129,TV,TV,Low,3,Low
AGFD35998,0,28,0,0,70,98,,Movie-TV,Low,3,Low
AGFD36019,0,0,0,0,86195,86195,TV,TV,High,1,Medium
AGFD36053,0,0,0,0,32,32,TV,TV,Low,2,Low
AGFD36066,0,0,0,0,106,106,TV,TV,Low,2,Low
AGFD36078,0,0,0,0,7808,7808,TV,TV,Medium,2,Low
AGFD36080,0,0,0,0,4805,4805,TV,TV,Low,3,Low
AGFD36118,0,0,0,0,4144,4144,TV,TV,Low,3,Low
AGFD36149,0,0,0,0,48011,48011,TV,TV,Medium,3,Low
AGFD36154,0,0,0,0,13,13,TV,TV,Low,1,Low
AGFD36199,0,0,0,0,96,96,TV,TV,Low,2,Low
AGFD36202,0,0,0,0,28541,28541,TV,TV,Medium,3,Low
AGFD36207,0,0,0,0,2687,2687,TV,TV,Low,2,Low
AGFD36270,0,0,0,0,101850,101850,TV,TV,High,3,Medium
AGFD36273,0,0,0,0,98654,98654,TV,TV,High,2,Medium
AGFD36288,0,0,0,0,242171,242171,TV,TV,High,3,Medium
AGFD36291,0,0,0,0,9242,9242,TV,TV,Medium,2,Low
AGFD36295,0,0,0,0,40131,40131,TV,TV,Medium,3,Low
AGFD36322,0,0,0,0,466,466,TV,TV,Low,3,Low
AGFD36383,0,0,0,0,5870,5870,TV,TV,Low,3,Low
AGFD36428,0,0,0,0,3904,3904,TV,TV,Low,3,Low
AGFD36516,0,0,0,0,33833,33833,TV,TV,Medium,3,Low
AGFD36545,0,0,0,0,24058,24058,TV,TV,Medium,3,Low
AGFD36599,0,0,0,0,106168,106168,TV,TV,High,3,Medium
AGFD36642,0,0,57,0,577,634,,Relax-TV,Low,2,Low
AGFD36669,0,0,0,0,99709,99709,TV,TV,High,3,Medium
AGFD36698,0,0,0,0,90148,90148,TV,TV,High,3,Medium
AGFD36716,0,0,0,0,270,270,TV,TV,Low,1,Low
AGFD36737,0,0,0,0,11,11,TV,TV,Low,1,Low
AGFD36740,0,0,0,0,172980,172980,TV,TV,High,3,Medium
AGFD36746,0,0,0,0,63991,63991,TV,TV,High,3,Medium
AGFD36768,0,0,0,0,587,587,TV,TV,Low,1,Low
AGFD36796,0,0,0,0,2011,2011,TV,TV,Low,1,Low
AGFD36853,0,0,0,0,21087,21087,TV,TV,Medium,3,Low
AGFD36864,0,0,0,0,46545,46545,TV,TV,Medium,3,Low
AGFD36873,0,0,0,0,1299,1299,TV,TV,Low,3,Low
AGFD36884,0,0,0,0,4192,4192,TV,TV,Low,2,Low
AGFD36972,0,0,0,0,87532,87532,TV,TV,High,3,Medium
AGFD37032,0,20295,0,0,159048,179343,,Movie-TV,High,3,Medium
AGFD37035,0,0,0,0,17378,17378,TV,TV,Medium,3,Low
AGFD37059,0,0,0,0,86400,86400,TV,TV,High,1,Medium
AGFD37079,0,0,0,0,1603,1603,TV,TV,Low,3,Low
AGFD37081,0,0,0,0,11557,11557,TV,TV,Medium,3,Low
AGFD37143,0,5325,0,0,35327,40652,,Movie-TV,Medium,3,Low
AGFD37144,0,0,0,0,73134,73134,TV,TV,High,3,Medium
AGFD37145,0,0,0,0,86400,86400,TV,TV,High,1,Medium
AGFD37187,0,0,0,0,22581,22581,TV,TV,Medium,3,Low
AGFD37213,0,0,0,0,706,706,TV,TV,Low,1,Low
AGFD37238,0,0,0,0,21521,21521,TV,TV,Medium,3,Low
AGFD37261,0,0,0,0,22295,22295,TV,TV,Medium,3,Low
AGFD37268,0,0,0,0,73345,73345,TV,TV,High,2,Medium
AGFD37313,0,9858,0,0,172058,181916,,Movie-TV,High,3,Medium
AGFD37361,0,0,0,0,109393,109393,TV,TV,High,3,Medium
AGFD37384,0,0,0,0,425,425,TV,TV,Low,3,Low
AGFD37467,0,0,0,0,14885,14885,TV,TV,Medium,3,Low
AGFD37496,0,0,0,0,21758,21758,TV,TV,Medium,3,Low
AGFD37525,0,0,0,0,447,447,TV,TV,Low,1,Low
AGFD37632,0,0,0,0,763,763,TV,TV,Low,3,Low
AGFD37736,0,0,0,0,8592,8592,TV,TV,Medium,2,Low
AGFD37749,0,0,0,0,186124,186124,TV,TV,High,3,Medium
AGFD37763,0,0,0,0,150577,150577,TV,TV,High,3,Medium
AGFD37770,0,0,0,0,58,58,TV,TV,Low,2,Low
AGFD37781,0,0,0,0,34600,34600,TV,TV,Medium,3,Low
AGFD37858,0,0,0,0,132408,132408,TV,TV,High,3,Medium
AGFD37913,0,0,0,0,154,154,TV,TV,Low,3,Low
AGFD37916,0,0,0,0,113717,113717,TV,TV,High,3,Medium
AGFD37925,0,0,0,0,24565,24565,TV,TV,Medium,2,Low
AGFD37971,0,0,0,0,67592,67592,TV,TV,High,2,Medium
AGFD37993,0,0,0,0,53418,53418,TV,TV,Medium,3,Low
AGFD38030,0,0,0,0,11,11,TV,TV,Low,1,Low
AGFD38046,0,0,0,0,396,396,TV,TV,Low,1,Low
AGFD38054,0,0,0,0,162,162,TV,TV,Low,2,Low
AGFD38072,0,0,0,0,64071,64071,TV,TV,High,3,Medium
AGFD38159,0,0,0,0,2057,2057,TV,TV,Low,3,Low
AGFD38190,0,0,0,0,306,306,TV,TV,Low,2,Low
AGFD38206,0,0,0,0,46,46,TV,TV,Low,2,Low
AGFD38220,0,0,0,0,173089,173089,TV,TV,High,3,Medium
AGFD38224,0,1348,0,0,54304,55652,,Movie-TV,Medium,3,Low
AGFD38315,0,0,0,0,167972,167972,TV,TV,High,3,Medium
AGFD38324,0,0,0,0,38,38,TV,TV,Low,1,Low
AGFD38392,0,2880,0,0,4851,7731,,Movie-TV,Medium,2,Low
AGFD38456,0,0,0,0,146,146,TV,TV,Low,2,Low
AGFD38509,0,0,0,0,2304,2304,TV,TV,Low,1,Low
AGFD38525,0,0,0,0,14,14,TV,TV,Low,1,Low
AGFD38553,0,0,0,0,117805,117805,TV,TV,High,3,Medium
AGFD38634,0,0,0,0,12514,12514,TV,TV,Medium,3,Low
AGFD38811,0,0,0,0,39413,39413,TV,TV,Medium,3,Low
AGFD38834,0,0,0,0,166223,166223,TV,TV,High,3,Medium
AGFD38843,0,0,0,0,35794,35794,TV,TV,Medium,3,Low
AGFD39012,0,0,0,0,60569,60569,TV,TV,Medium,3,Low
AGFD39028,0,0,0,0,180773,180773,TV,TV,High,3,Medium
AGFD39100,0,0,0,0,1209,1209,TV,TV,Low,3,Low
AGFD39135,916,0,0,0,133,1049,Child,Child-TV,Low,2,Low
AGFD39188,0,196,0,0,80,276,Movie,Movie-TV,Low,1,Low
AGFD39203,0,0,0,0,186565,186565,TV,TV,High,3,Medium
AGFD39400,0,0,0,0,31891,31891,TV,TV,Medium,3,Low
AGFD39403,0,0,0,0,12792,12792,TV,TV,Medium,3,Low
